0.000000000000000000e+00	7.000000000000000000e+00	1.000000000000000000e+00	1.929910326321806036e+00
0.000000000000000000e+00	8.000000000000000000e+00	1.000000000000000000e+00	1.832655592775013886e+00
1.000000000000000000e+00	8.000000000000000000e+00	1.000000000000000000e+00	1.895673903930069626e+00
2.000000000000000000e+00	8.000000000000000000e+00	1.000000000000000000e+00	2.569540353503757757e+00
2.000000000000000000e+00	3.000000000000000000e+00	1.000000000000000000e+00	2.542308586648430069e+00
2.000000000000000000e+00	1.000000000000000000e+01	1.000000000000000000e+00	2.355860939372153684e+00
3.000000000000000000e+00	4.000000000000000000e+00	1.000000000000000000e+00	2.062175187814610844e+00
4.000000000000000000e+00	1.000000000000000000e+01	1.000000000000000000e+00	1.960619597034863215e+00
4.000000000000000000e+00	1.100000000000000000e+01	1.000000000000000000e+00	1.827654200193235212e+00
4.000000000000000000e+00	1.200000000000000000e+01	1.000000000000000000e+00	2.147127053937510688e+00
5.000000000000000000e+00	1.200000000000000000e+01	1.000000000000000000e+00	2.411820666929170187e+00
6.000000000000000000e+00	1.200000000000000000e+01	1.000000000000000000e+00	1.824781855883460535e+00
6.000000000000000000e+00	1.300000000000000000e+01	1.000000000000000000e+00	2.402630258211881475e+00
7.000000000000000000e+00	8.000000000000000000e+00	1.000000000000000000e+00	1.815045793660677420e+00
7.000000000000000000e+00	1.500000000000000000e+01	1.000000000000000000e+00	2.333329674918457108e+00
8.000000000000000000e+00	9.000000000000000000e+00	1.000000000000000000e+00	1.613110398374281163e+00
9.000000000000000000e+00	1.500000000000000000e+01	1.000000000000000000e+00	1.776833838016489642e+00
9.000000000000000000e+00	1.000000000000000000e+01	1.000000000000000000e+00	2.522519451723607808e+00
1.000000000000000000e+01	1.600000000000000000e+01	1.000000000000000000e+00	2.436271888734226287e+00
1.000000000000000000e+01	1.700000000000000000e+01	1.000000000000000000e+00	1.835583624067988584e+00
1.000000000000000000e+01	1.800000000000000000e+01	1.000000000000000000e+00	2.415889141393015471e+00
1.100000000000000000e+01	1.200000000000000000e+01	1.000000000000000000e+00	2.557374052281330190e+00
1.200000000000000000e+01	1.800000000000000000e+01	1.000000000000000000e+00	2.469005295896603336e+00
1.200000000000000000e+01	1.900000000000000000e+01	1.000000000000000000e+00	1.799246609672234376e+00
1.300000000000000000e+01	1.900000000000000000e+01	1.000000000000000000e+00	1.617300290756606085e+00
1.300000000000000000e+01	2.000000000000000000e+01	1.000000000000000000e+00	2.537875163111870780e+00
1.400000000000000000e+01	1.500000000000000000e+01	1.000000000000000000e+00	2.216031290236952334e+00
1.400000000000000000e+01	2.200000000000000000e+01	1.000000000000000000e+00	2.374295576839415833e+00
1.500000000000000000e+01	2.200000000000000000e+01	1.000000000000000000e+00	2.296881671068305764e+00
1.500000000000000000e+01	2.300000000000000000e+01	1.000000000000000000e+00	1.987567642766211229e+00
1.600000000000000000e+01	1.700000000000000000e+01	1.000000000000000000e+00	2.212356237180587826e+00
1.700000000000000000e+01	2.300000000000000000e+01	1.000000000000000000e+00	2.309864402524931304e+00
1.700000000000000000e+01	2.400000000000000000e+01	1.000000000000000000e+00	2.376096883207578614e+00
1.800000000000000000e+01	2.400000000000000000e+01	1.000000000000000000e+00	1.708560585983453395e+00
1.800000000000000000e+01	2.500000000000000000e+01	1.000000000000000000e+00	2.201805537287170544e+00
1.900000000000000000e+01	2.500000000000000000e+01	1.000000000000000000e+00	1.796891587840415916e+00
1.900000000000000000e+01	2.600000000000000000e+01	1.000000000000000000e+00	2.399287472661549181e+00
2.000000000000000000e+01	2.600000000000000000e+01	1.000000000000000000e+00	1.943950442379956733e+00
2.000000000000000000e+01	2.700000000000000000e+01	1.000000000000000000e+00	2.049816235926137153e+00
2.100000000000000000e+01	2.800000000000000000e+01	1.000000000000000000e+00	2.534933696643705492e+00
2.200000000000000000e+01	2.800000000000000000e+01	1.000000000000000000e+00	1.955577704767927028e+00
2.200000000000000000e+01	2.900000000000000000e+01	1.000000000000000000e+00	1.719814972249870344e+00
2.300000000000000000e+01	2.900000000000000000e+01	1.000000000000000000e+00	2.157378046917233227e+00
2.300000000000000000e+01	3.000000000000000000e+01	1.000000000000000000e+00	1.945008670485752544e+00
2.400000000000000000e+01	3.000000000000000000e+01	1.000000000000000000e+00	1.872175583634017926e+00
2.400000000000000000e+01	3.100000000000000000e+01	1.000000000000000000e+00	1.740996695583753917e+00
2.500000000000000000e+01	3.100000000000000000e+01	1.000000000000000000e+00	1.883041003448474360e+00
2.500000000000000000e+01	3.200000000000000000e+01	1.000000000000000000e+00	1.685080946913020350e+00
2.600000000000000000e+01	3.200000000000000000e+01	1.000000000000000000e+00	2.144616669508482065e+00
2.600000000000000000e+01	3.300000000000000000e+01	1.000000000000000000e+00	2.000798384516424555e+00
2.700000000000000000e+01	3.300000000000000000e+01	1.000000000000000000e+00	2.437696645646623139e+00
2.700000000000000000e+01	3.400000000000000000e+01	1.000000000000000000e+00	2.448493976385317517e+00
2.800000000000000000e+01	2.900000000000000000e+01	1.000000000000000000e+00	2.187622602577606656e+00
2.900000000000000000e+01	3.500000000000000000e+01	1.000000000000000000e+00	2.526504548559930008e+00
2.900000000000000000e+01	3.000000000000000000e+01	1.000000000000000000e+00	1.615675422768322100e+00
2.900000000000000000e+01	3.700000000000000000e+01	1.000000000000000000e+00	2.438837410521436322e+00
3.000000000000000000e+01	3.100000000000000000e+01	1.000000000000000000e+00	1.601668008385230824e+00
3.100000000000000000e+01	3.700000000000000000e+01	1.000000000000000000e+00	1.960597151936576132e+00
3.100000000000000000e+01	3.800000000000000000e+01	1.000000000000000000e+00	2.027819598113843380e+00
3.200000000000000000e+01	3.800000000000000000e+01	1.000000000000000000e+00	2.060399533900986402e+00
3.200000000000000000e+01	3.900000000000000000e+01	1.000000000000000000e+00	1.926662747635774053e+00
3.300000000000000000e+01	3.900000000000000000e+01	1.000000000000000000e+00	1.817029091240029981e+00
3.300000000000000000e+01	4.000000000000000000e+01	1.000000000000000000e+00	2.042350921098037286e+00
3.300000000000000000e+01	4.100000000000000000e+01	1.000000000000000000e+00	1.626492130746950426e+00
3.400000000000000000e+01	4.100000000000000000e+01	1.000000000000000000e+00	2.270915996653552149e+00
3.500000000000000000e+01	4.200000000000000000e+01	1.000000000000000000e+00	2.596305696269029184e+00
3.600000000000000000e+01	4.200000000000000000e+01	1.000000000000000000e+00	2.307295213679644519e+00
3.600000000000000000e+01	4.300000000000000000e+01	1.000000000000000000e+00	2.282085575863833427e+00
3.700000000000000000e+01	4.300000000000000000e+01	1.000000000000000000e+00	2.513559418768588127e+00
3.700000000000000000e+01	3.800000000000000000e+01	1.000000000000000000e+00	2.428720928482947183e+00
3.700000000000000000e+01	4.500000000000000000e+01	1.000000000000000000e+00	2.249763843804844399e+00
3.800000000000000000e+01	4.500000000000000000e+01	1.000000000000000000e+00	2.078234165955771484e+00
3.900000000000000000e+01	4.500000000000000000e+01	1.000000000000000000e+00	1.861353605830069036e+00
3.900000000000000000e+01	4.600000000000000000e+01	1.000000000000000000e+00	1.981591849533609118e+00
4.000000000000000000e+01	4.600000000000000000e+01	1.000000000000000000e+00	2.227292692044680500e+00
4.000000000000000000e+01	4.100000000000000000e+01	1.000000000000000000e+00	1.683940980504458285e+00
4.100000000000000000e+01	4.700000000000000000e+01	1.000000000000000000e+00	2.200143418499379333e+00
4.100000000000000000e+01	4.800000000000000000e+01	1.000000000000000000e+00	2.021711864712481876e+00
4.200000000000000000e+01	4.300000000000000000e+01	1.000000000000000000e+00	2.162752363397878241e+00
4.300000000000000000e+01	4.400000000000000000e+01	1.000000000000000000e+00	1.813130223970462973e+00
4.400000000000000000e+01	4.500000000000000000e+01	1.000000000000000000e+00	2.525491271840302421e+00
4.500000000000000000e+01	4.600000000000000000e+01	1.000000000000000000e+00	2.375138851761279923e+00
4.600000000000000000e+01	4.700000000000000000e+01	1.000000000000000000e+00	2.233470962718550723e+00
4.700000000000000000e+01	4.800000000000000000e+01	1.000000000000000000e+00	1.694998122436377708e+00
